PARTIDA_ESPECIFICA,DESCRIPCION,,,
11101,(Derogada),,,
11201,Haberes,,,
11301,Sueldos base,,,
11401,Retribuciones por adscripción en el extranjero,,,
12101,Honorarios,,,
12201,Remuneraciones al personal eventual,,,
12202,Compensaciones a sustitutos de profesores,,,
12301,Retribuciones por servicios en período de formación profesional,,,
12401,Retribución a los representantes de los trabajadores y de los patrones en la Junta Federal de Conciliación y Arbitraje,,,
13101,Prima quinquenal por años de servicios efectivos prestados,,,
13102,Acreditación por años de servicio en la docencia y al personal administrativo de las instituciones de educación superior,,,
13103,"Prima de perseverancia por años de servicio activo en el Ejército, Fuerza Aérea y Armada Mexicanos",,,
13104,Antigüedad,,,
13201,Primas de vacaciones y dominical,,,
13202,Aguinaldo o gratificación de fin de año,,,
13301,Remuneraciones por horas extraordinarias,,,
13401,Acreditación por titulación en la docencia,,,
13402,Acreditación al personal docente por años de estudio de licenciatura,,,
13403,Compensaciones por servicios especiales,,,
13404,Compensaciones por servicios eventuales,,,
13405,Compensaciones de retiro,,,
13406,Compensaciones de servicios,,,
13407,Compensaciones adicionales por servicios especiales,,,
13408,"Asignaciones docentes, pedagógicas genéricas y específicas",,,
13409,Compensación por adquisición de material didáctico,,,
13410,Compensación por actualización y formación académica,,,
13411,Compensaciones a médicos residentes,,,
13412,Gastos contingentes para el personal radicado en el extranjero,,,
13413,Asignaciones para la conclusión de servicios en la Administración Pública Federal,,,
13414,Asignaciones conforme al régimen laboral,,,
13501,Sobrehaberes,,,
13601,Asignaciones de técnico,,,
13602,Asignaciones de mando,,,
13603,Asignaciones por comisión,,,
13604,Asignaciones de vuelo,,,
13605,Asignaciones de técnico especial,,,
13701,Honorarios especiales,,,
13801,Participaciones por vigilancia en el cumplimiento de las leyes y custodia de valores,,,
14101,Aportaciones al ISSSTE,,,
14102,Aportaciones al ISSFAM,,,
14103,Aportaciones al IMSS,,,
14104,Aportaciones de seguridad social contractuales,,,
14105,Aportaciones al seguro de cesantía en edad avanzada y vejez,,,
14201,Aportaciones al FOVISSSTE,,,
14202,Aportaciones al INFONAVIT,,,
14301,Aportaciones al Sistema de Ahorro para el Retiro,,,
14302,Depósitos para el ahorro solidario,,,
14401,Cuotas para el seguro de vida del personal civil,,,
14402,Cuotas para el seguro de vida del personal militar,,,
14403,Cuotas para el seguro de gastos médicos del personal civil,,,
14404,Cuotas para el seguro de separación individualizado,,,
14405,Cuotas para el seguro colectivo de retiro,,,
14406,"Seguro de responsabilidad civil, asistencia legal y otros seguros",,,
15101,Cuotas para el fondo de ahorro del personal civil,,,
15102,"Cuotas para el fondo de ahorro de generales, almirantes, jefes y oficiales",,,
15103,"Cuotas para el fondo de trabajo del personal del Ejército, Fuerza Aérea y Armada Mexicanos",,,
15201,Indemnizaciones por accidentes en el trabajo,,,
15202,Pago de liquidaciones,,,
15301,Prestaciones de retiro,,,
15401,Prestaciones establecidas por condiciones generales de trabajo o contratos colectivos de trabajo,,,
15402,Compensación garantizada,,,
15403,Asignaciones adicionales al sueldo,,,
15501,Apoyos a la capacitación de los servidores públicos,,,
15901,Otras prestaciones,,,
15902,Pago extraordinario por riesgo,,,
16101,Incrementos a las percepciones,,,
16102,Creación de plazas,,,
16103,Otras medidas de carácter laboral y económico,,,
16104,Previsiones para aportaciones al ISSSTE,,,
16105,Previsiones para aportaciones al FOVISSSTE,,,
16106,Previsiones para aportaciones al Sistema de Ahorro para el Retiro,,,
16107,Previsiones para aportaciones al seguro de cesantía en edad avanzada y vejez,,,
16108,Previsiones para los depósitos al ahorro solidario,,,
16109,Previsiones por adecuaciones a las estructuras ocupacionales,,,
17101,Estímulos por productividad y eficiencia,,,
17102,Estímulos al personal operativo,,,
21101,Materiales y útiles de oficina,,,
21201,Materiales y útiles de impresión y reproducción,,,
21301,Material estadístico y geográfico,,,
21401,Materiales y útiles consumibles para el procesamiento en equipos y bienes informáticos,,,
21501,Material de apoyo informativo,,,
21502,Material para información en actividades de investigación científica y tecnológica,,,
21601,Material de limpieza,,,
21701,Materiales y suministros para planteles educativos,,,
22101,"Productos alimenticios para el Ejército, Fuerza Aérea y Armada Mexicanos, y para los efectivos que participen en programas de seguridad pública",,,
22102,"Productos alimenticios para personas derivado de la prestación de servicios públicos en unidades de salud, educativas, de readaptación social y otras",,,
22103,Productos alimenticios para el personal que realiza labores en campo o de supervisión,,,
22104,Productos alimenticios para el personal en las instalaciones de las dependencias y entidades,,,
22105,Productos alimenticios para la población en caso de desastres naturales,,,
22106,Productos alimenticios para el personal derivado de actividades extraordinarias,,,
22201,Productos alimenticios para animales,,,
22301,Utensilios para el servicio de alimentación,,,
23101,"Productos alimenticios, agropecuarios y forestales adquiridos como materia prima",,,
23201,Insumos textiles adquiridos como materia prima,,,
23301,"Productos de papel, cartón e impresos adquiridos como materia prima",,,
23401,"Combustibles, lubricantes, aditivos, carbón y sus derivados adquiridos como materia prima",,,
23501,"Productos químicos, farmacéuticos y de laboratorio adquiridos como materia prima",,,
23601,Productos metálicos y a base de minerales no metálicos adquiridos como materia prima,,,
23701,"Productos de cuero, piel, plástico y hule adquiridos como materia prima",,,
23801,Mercancías para su comercialización en tiendas del sector público,,,
23901,Otros productos adquiridos como materia prima,,,
23902,"Petróleo, gas y sus derivados adquiridos como materia prima",,,
24101,Productos minerales no metálicos,,,
24201,Cemento y productos de concreto,,,
24301,"Cal, yeso y productos de yeso",,,
24401,Madera y productos de madera,,,
24501,Vidrio y productos de vidrio,,,
24601,Material eléctrico y electrónico,,,
24701,Artículos metálicos para la construcción,,,
24801,Materiales complementarios,,,
24901,Otros materiales y artículos de construcción y reparación,,,
25101,Productos químicos básicos,,,
25201,"Plaguicidas, abonos y fertilizantes",,,
25301,Medicinas y productos farmacéuticos,,,
25401,"Materiales, accesorios y suministros médicos",,,
25501,"Materiales, accesorios y suministros de laboratorio",,,
25601,"Fibras sintéticas, hules, plásticos y derivados",,,
25901,Otros productos químicos,,,
26101,"Combustibles, lubricantes y aditivos para vehículos terrestres, aéreos, marítimos, lacustres y fluviales destinados a la ejecución de programas de seguridad pública y nacional",,,
26102,"Combustibles, lubricantes y aditivos para vehículos terrestres, aéreos, marítimos, lacustres y fluviales destinados a servicios públicos y la operación de programas públicos",,,
26103,"Combustibles, lubricantes y aditivos para vehículos terrestres, aéreos, marítimos, lacustres y fluviales destinados a servicios administrativos",,,
26104,"Combustibles, lubricantes y aditivos para vehículos terrestres, aéreos, marítimos, lacustres y fluviales asignados a servidores públicos",,,
26105,"Combustibles, lubricantes y aditivos para maquinaria, equipo de producción y servicios administrativos",,,
26106,PIDIREGAS cargos variables,,,
26107,Combustibles nacionales para plantas productivas,,,
26108,Combustibles de importación para plantas productivas,,,
27101,Vestuario y uniformes,,,
27201,Prendas de protección personal,,,
27301,Artículos deportivos,,,
27401,Productos textiles,,,
27501,"Blancos y otros productos textiles, excepto prendas de vestir",,,
28101,Sustancias y materiales explosivos,,,
28201,Materiales de seguridad pública,,,
28301,Prendas de protección para seguridad pública y nacional,,,
29101,Herramientas menores,,,
29201,Refacciones y accesorios menores de edificios,,,
29301,"Refacciones y accesorios menores de mobiliario y equipo de administración, educacional y recreativo",,,
29401,Refacciones y accesorios para equipo de cómputo y telecomunicaciones,,,
29501,Refacciones y accesorios menores de equipo e instrumental médico y de laboratorio,,,
29601,Refacciones y accesorios menores de equipo de transporte,,,
29701,Refacciones y accesorios menores de equipo de defensa y seguridad,,,
29801,Refacciones y accesorios menores de maquinaria y otros equipos,,,
29901,Refacciones y accesorios menores otros bienes muebles,,,
31101,Servicio de energía eléctrica,,,
31201,Servicio de gas,,,
31301,Servicio de agua,,,
31401,Servicio telefónico convencional,,,
31501,Servicio de telefonía celular,,,
31601,Servicio de radiolocalización,,,
31602,Servicios de telecomunicaciones,,,
31603,Servicios de Internet,,,
31701,Servicios de conducción de señales analógicas y digitales,,,
31801,Servicio postal,,,
31802,Servicio telegráfico,,,
31901,Servicios integrales de telecomunicación,,,
31902,Contratación de otros servicios,,,
31903,Servicios generales para planteles educativos,,,
31904,Servicios integrales de infraestructura de cómputo,,,
32101,Arrendamiento de terrenos,,,
32201,Arrendamiento de edificios y locales,,,
32301,Arrendamiento de equipo y bienes informáticos,,,
32302,Arrendamiento de mobiliario,,,
32303,Arrendamiento de equipo de telecomunicaciones,,,
32401,Arrendamiento de equipo e instrumental médico y de laboratorio,,,
32501,"Arrendamiento de vehículos terrestres, aéreos, marítimos, lacustres y fluviales para la ejecución de programas de seguridad pública y nacional",,,
32502,"Arrendamiento de vehículos terrestres, aéreos, marítimos, lacustres y fluviales para servicios públicos y la operación de programas públicos",,,
32503,"Arrendamiento de vehículos terrestres, aéreos, marítimos, lacustres y fluviales para servicios administrativos",,,
32504,"Arrendamiento de vehículos terrestres, aéreos, marítimos, lacustres y fluviales para desastres naturales",,,
32505,"Arrendamiento de vehículos terrestres, aéreos, marítimos, lacustres y fluviales para servidores públicos",,,
32601,Arrendamiento de maquinaria y equipo,,,
32701,"Patentes, derechos de autor, regalías y otros",,,
32901,Arrendamiento de sustancias y productos químicos,,,
32902,PIDIREGAS cargos fijos,,,
32903,Otros Arrendamientos,,,
33101,"Asesorías asociadas a convenios, tratados o acuerdos",,,
33102,Asesorías por controversias en el marco de los tratados internacionales,,,
33103,Consultorías para programas o proyectos financiados por organismos internacionales,,,
33104,Otras asesorías para la operación de programas,,,
33105,Servicios relacionados con procedimientos jurisdiccionales,,,
33201,"Servicios de diseño, arquitectura, ingeniería y actividades relacionadas",,,
33301,Servicios de desarrollo de aplicaciones informáticas,,,
33302,Servicios estadísticos y geográficos,,,
33303,Servicios relacionados con certificación de procesos,,,
33304,Servicios de mantenimiento de aplicaciones informáticas,,,
33401,Servicios para capacitación a servidores públicos,,,
33501,Estudios e investigaciones,,,
33601,Servicios relacionados con traducciones,,,
33602,Otros servicios comerciales,,,
33603,"Impresiones de documentos oficiales para la prestación de servicios públicos, identificación, formatos administrativos y fiscales, formas valoradas, certificados y títulos",,,
33604,Impresión y elaboración de material informativo derivado de la operación y administración de las dependencias y entidades,,,
33605,Información en medios masivos derivada de la operación y administración de las dependencias y entidades,,,
33606,Servicios de digitalización,,,
33701,Gastos de seguridad pública y nacional,,,
33702,Gastos en actividades de seguridad y logística del Estado Mayor Presidencial,,,
33801,Servicios de vigilancia,,,
33901,Subcontratación de servicios con terceros,,,
33902,Proyectos para prestación de servicios,,,
33903,Servicios integrales,,,
33904,Asignaciones derivadas de proyectos de asociación público privada,,,
34101,Servicios bancarios y financieros,,,
34301,Gastos inherentes a la recaudación,,,
34401,Seguro de responsabilidad patrimonial del Estado,,,
34501,Seguros de bienes patrimoniales,,,
34601,"Almacenaje, embalaje y envase",,,
34701,Fletes y maniobras,,,
34801,Comisiones por ventas,,,
35101,Mantenimiento y conservación de inmuebles para la prestación de servicios administrativos,,,
35102,Mantenimiento y conservación de inmuebles para la prestación de servicios públicos,,,
35201,Mantenimiento y conservación de mobiliario y equipo de administración,,,
35301,Mantenimiento y conservación de bienes informáticos,,,
35401,"Instalación, reparación y mantenimiento de equipo e instrumental médico y de laboratorio",,,
35501,"Mantenimiento y conservación de vehículos terrestres, aéreos, marítimos, lacustres y fluviales",,,
35601,Reparación y mantenimiento de equipo de defensa y seguridad,,,
35701,Mantenimiento y conservación de maquinaria y equipo,,,
35702,Mantenimiento y conservación de plantas e instalaciones productivas,,,
35801,"Servicios de lavandería, limpieza e higiene",,,
35901,Servicios de jardinería y fumigación,,,
36101,Difusión de mensajes sobre programas y actividades gubernamentales,,,
36201,Difusión de mensajes comerciales para promover la venta de productos o servicios,,,
36601,Servicio de creación y difusión de contenido exclusivamente a través de Internet (Ramos Autónomos),,,
36901,Servicios relacionados con monitoreo de información en medios masivos,,,
37101,Pasajes aéreos nacionales para labores en campo y de supervisión,,,
37102,Pasajes aéreos nacionales asociados a los programas de seguridad pública y nacional,,,
37103,Pasajes aéreos nacionales asociados a desastres naturales,,,
37104,Pasajes aéreos nacionales para servidores públicos de mando en el desempeño de comisiones y funciones oficiales,,,
37105,Pasajes aéreos internacionales asociados a los programas de seguridad pública y nacional,,,
37106,Pasajes aéreos internacionales para servidores públicos en el desempeño de comisiones y funciones oficiales,,,
37201,Pasajes terrestres nacionales para labores en campo y de supervisión,,,
37202,Pasajes terrestres nacionales asociados a los programas de seguridad pública y nacional,,,
37203,Pasajes terrestres nacionales asociados a desastres naturales,,,
37204,Pasajes terrestres nacionales para servidores públicos de mando en el desempeño de comisiones y funciones oficiales,,,
37205,Pasajes terrestres internacionales asociados a los programas de seguridad pública y nacional,,,
37206,Pasajes terrestres internacionales para servidores públicos en el desempeño de comisiones y funciones oficiales,,,
37207,Pasajes terrestres nacionales por medio electrónico,,,
37301,"Pasajes marítimos, lacustres y fluviales para labores en campo y de supervisión",,,
37302,"Pasajes marítimos, lacustres y fluviales asociados a los programas de seguridad pública y nacional",,,
37303,"Pasajes marítimos, lacustres y fluviales asociados a desastres naturales",,,
37304,"Pasajes marítimos, lacustres y fluviales para servidores públicos de mando en el desempeño de comisiones y funciones oficiales",,,
37501,Viáticos nacionales para labores en campo y de supervisión,,,
37502,Viáticos nacionales asociados a los programas de seguridad pública y nacional,,,
37503,Viáticos nacionales asociados a desastres naturales,,,
37504,Viáticos nacionales para servidores públicos en el desempeño de funciones oficiales,,,
37601,Viáticos en el extranjero asociados a los programas de seguridad pública y nacional,,,
37602,Viáticos en el extranjero para servidores públicos en el desempeño de comisiones y funciones oficiales,,,
37701,Instalación del personal federal,,,
37801,Servicios integrales nacionales para servidores públicos en el desempeño de comisiones y funciones oficiales,,,
37802,Servicios integrales en el extranjero para servidores públicos en el desempeño de comisiones y funciones oficiales,,,
37901,Gastos para operativos y trabajos de campo en áreas rurales,,,
38101,Gastos de ceremonial del titular del Ejecutivo Federal,,,
38102,Gastos de ceremonial de los titulares de las dependencias y entidades,,,
38103,Gastos inherentes a la investidura presidencial,,,
38201,Gastos de orden social,,,
38301,Congresos y convenciones,,,
38401,Exposiciones,,,
38501,Gastos para alimentación de servidores públicos de mando,,,
39101,Funerales y pagas de defunción,,,
39201,Impuestos y derechos de exportación,,,
39202,Otros impuestos y derechos,,,
39301,Impuestos y derechos de importación,,,
39401,Erogaciones por resoluciones por autoridad competente,,,
39402,Indemnizaciones por expropiación de predios,,,
39403,Otras asignaciones derivadas de resoluciones de ley,,,
39501,"Penas, multas, accesorios y actualizaciones",,,
39601,Pérdidas del erario federal,,,
39602,Otros gastos por responsabilidades,,,
39701,Erogaciones por pago de utilidades,,,
39801,Impuesto sobre nóminas,,,
39901,Gastos de las Comisiones Internacionales de Límites y Aguas,,,
39902,Gastos de las oficinas del Servicio Exterior Mexicano,,,
39904,Participaciones en órganos de gobierno,,,
39905,Actividades de coordinación con el Presidente Electo,,,
39906,Servicios Corporativos prestados por las Entidades Paraestatales a sus Organismos,,,
39907,Servicios prestados entre Organismos de una Entidad Paraestatal,,,
39908,Erogaciones por cuenta de terceros,,,
39909,Erogaciones recuperables,,,
39910,Apertura de Fondo Rotatorio,,,
41501,Transferencias para cubrir el déficit de operación y los gastos de administración asociados al otorgamiento de subsidios,,,
41601,Transferencias a entidades empresariales no financieras derivadas de la obtención de derechos,,,
43101,Subsidios a la producción,,,
43201,Subsidios a la distribución,,,
43301,Subsidios para inversión,,,
43401,Subsidios a la prestación de servicios públicos,,,
43501,Subsidios para cubrir diferenciales de tasas de interés,,,
43601,Subsidios para la adquisición de vivienda de interés social,,,
43701,Subsidios al consumo,,,
43801,Subsidios a Entidades Federativas y Municipios,,,
43901,Subsidios para capacitación y becas,,,
43902,Subsidios a fideicomisos privados y estatales,,,
44101,"Gastos relacionados con actividades culturales, deportivas y de ayuda extraordinaria",,,
44102,Gastos por servicios de traslado de personas,,,
44103,"Premios, recompensas, pensiones de gracia y pensión recreativa estudiantil",,,
44104,"Premios, estímulos, recompensas, becas y seguros a deportistas",,,
44105,Apoyo a voluntarios que participan en diversos programas federales,,,
44106,Compensaciones por servicios de carácter social,,,
44401,Apoyos a la investigación científica y tecnológica de instituciones académicas y sector público,,,
44402,Apoyos a la investigación científica y tecnológica en instituciones sin fines de lucro,,,
44801,Mercancías para su distribución a la población,,,
45201,Pago de pensiones y jubilaciones,,,
45202,Pago de pensiones y jubilaciones contractuales,,,
45203,Transferencias para el pago de pensiones y jubilaciones,,,
45901,Pago de sumas aseguradas,,,
45902,Prestaciones económicas distintas de pensiones y jubilaciones,,,
46101,Aportaciones a fideicomisos públicos,,,
46102,Aportaciones a mandatos públicos,,,
47101,"Trasferencias para cuotas y aportaciones de seguridad social para el IMSS, ISSSTE e ISSFAM por obligación del Estado",,,
47102,"Transferencias para cuotas y aportaciones a los seguros de retiro, cesantía en edad avanzada y vejez",,,
48101,Donativos a instituciones sin fines de lucro,,,
48201,Donativos a entidades federativas o municipios,,,
48301,Donativos a fideicomisos privados,,,
48401,Donativos a fideicomisos estatales,,,
48501,Donativos internacionales,,,
49201,Cuotas y aportaciones a organismos internacionales,,,
49202,Otras aportaciones internacionales,,,
51101,Mobiliario,,,
51201,"Muebles, excepto de oficina y estantería",,,
51301,Bienes artísticos y culturales,,,
51501,Bienes informáticos,,,
51901,Equipo de administración,,,
51902,"Adjudicaciones, expropiaciones e indemnizaciones de bienes muebles",,,
52101,Equipos y aparatos audiovisuales,,,
52201,Aparatos deportivos,,,
52301,Cámaras fotográficas y de video,,,
52901,Otro mobiliario y equipo educacional y recreativo,,,
53101,Equipo médico y de laboratorio,,,
53201,Instrumental médico y de laboratorio,,,
54101,"Vehículos y equipo terrestres, para la ejecución de programas de seguridad pública y nacional",,,
54102,"Vehículos y equipo terrestres, destinados exclusivamente para desastres naturales",,,
54103,"Vehículos y equipo terrestres, destinados a servicios públicos y la operación de programas públicos",,,
54104,"Vehículos y equipo terrestres, destinados a servicios administrativos",,,
54105,"Vehículos y equipo terrestres, destinados a servidores públicos",,,
54201,Carrocerías y remolques,,,
54301,"Vehículos y equipo aéreos, para la ejecución de programas de seguridad pública y nacional",,,
54302,"Vehículos y equipo aéreos, destinados exclusivamente para desastres naturales",,,
54303,"Vehículos y equipo aéreos, destinados a servicios públicos y la operación de programas públicos",,,
54401,Equipo ferroviario,,,
54501,"Vehículos y equipo marítimo, para la ejecución de programas de seguridad pública y nacional",,,
54502,"Vehículos y equipo marítimo, destinados a servicios públicos y la operación de programas públicos",,,
54503,Construcción de embarcaciones,,,
54901,Otros equipos de transporte,,,
55101,Maquinaria y equipo de defensa y seguridad pública,,,
55102,Equipo de seguridad pública y nacional,,,
56101,Maquinaria y equipo agropecuario,,,
56201,Maquinaria y equipo industrial,,,
56301,Maquinaria y equipo de construcción,,,
56401,"Sistemas de aire acondicionado, calefacción y de refrigeración industrial y comercial",,,
56501,Equipos y aparatos de comunicaciones y telecomunicaciones,,,
56601,Maquinaria y equipo eléctrico y electrónico,,,
56701,Herramientas y máquinas herramienta,,,
56901,Bienes muebles por arrendamiento financiero,,,
56902,Otros bienes muebles,,,
57101,Animales de reproducción,,,
57201,Porcinos,,,
57301,Aves,,,
57401,Ovinos y caprinos,,,
57501,Peces y acuicultura,,,
57601,Animales de trabajo,,,
57701,Animales de custodia y vigilancia,,,
57801,Árboles y plantas,,,
57901,Otros activos biológicos,,,
58101,Terrenos,,,
58301,Edificios y locales,,,
58901,"Adjudicaciones, expropiaciones e indemnizaciones de inmuebles",,,
58902,Bienes inmuebles en la modalidad de proyectos de infraestructura productiva de largo plazo,,,
58903,Bienes inmuebles por arrendamiento financiero,,,
58904,Otros bienes inmuebles,,,
59101,Software,,,
62101,Obras de construcción para edificios habitacionales,,,
62102,Mantenimiento y rehabilitación de edificaciones habitacionales,,,
62201,Obras de construcción para edificios no habitacionales,,,
62202,Mantenimiento y rehabilitación de edificaciones no habitacionales,,,
62301,"Construcción de obras para el abastecimiento de agua, petróleo, gas, electricidad y telecomunicaciones",,,
62302,"Mantenimiento y rehabilitación de obras para el abastecimiento de agua, petróleo, gas, electricidad y telecomunicaciones",,,
62401,Obras de preedificación en terrenos de construcción,,,
62402,Construcción de obras de urbanización,,,
62403,Mantenimiento y rehabilitación de obras de urbanización,,,
62501,Construcción de vías de comunicación,,,
62502,Mantenimiento y rehabilitación de las vías de comunicación,,,
62601,Otras construcciones de ingeniería civil u obra pesada,,,
62602,Mantenimiento y rehabilitación de otras obras de ingeniería civil u obras pesadas,,,
62701,Instalaciones y obras de construcción especializada,,,
62901,Ensamble y edificación de construcciones prefabricadas,,,
62902,Obras de terminación y acabado de edificios,,,
62903,Servicios de supervisión de obras,,,
62904,Servicios para la liberación de derechos de vía,,,
62905,Otros servicios relacionados con obras públicas,,,
72401,Adquisición de acciones o aumento en la participación estatal de capital en el sector privado con fines de política económica,,,
72501,Adquisición de acciones de organismos internacionales,,,
73101,Adquisición de bonos,,,
73501,Adquisición de obligaciones,,,
73901,Fideicomisos para adquisición de títulos de crédito,,,
73902,Adquisición de acciones,,,
73903,Adquisición de otros valores,,,
74201,Créditos directos para actividades productivas otorgados a entidades paraestatales empresariales y no financieras con fines de política económica,,,
74401,Créditos directos para actividades productivas otorgados a entidades federativas y municipios con fines de política económica,,,
74501,Créditos directos para actividades productivas otorgados al sector privado con fines de política económica,,,
74502,Fideicomisos para financiamiento de obras,,,
74503,Fideicomisos para financiamientos agropecuarios,,,
74504,Fideicomisos para financiamientos industriales,,,
74505,Fideicomisos para financiamientos al comercio y otros servicios,,,
74506,Fideicomisos para financiamientos de vivienda,,,
75501,Inversiones en fideicomisos públicos empresariales y no financieros considerados entidades paraestatales,,,
75601,Inversiones en fideicomisos públicos considerados entidades paraestatales,,,
75602,Inversiones en mandatos y otros análogos,,,
75901,"Aportaciones a fideicomisos, mandatos y otros análogos del sector privado",,,
79901,Erogaciones contingentes,,,
79902,Provisiones para Erogaciones Especiales,,,
81101,Fondo General de Participaciones,,,
81201,Fondo de Fomento Municipal,,,
81401,Otros conceptos participables de la Federación a entidades federativas,,,
83101,Aportaciones federales a las entidades federativas y municipios para servicios personales,,,
83102,Aportaciones federales a las entidades federativas y municipios para aportaciones al ISSSTE,,,
83103,Aportaciones federales a las entidades federativas y municipios para gastos de operación,,,
83104,Aportaciones federales a las entidades federativas y municipios para gastos de inversión,,,
83105,Aportaciones federales a las entidades federativas y municipios,,,
83106,Aportaciones federales a las entidades federativas y municipios para incrementos a las percepciones,,,
83107,Aportaciones federales a las entidades federativas y municipios para creación de plazas,,,
83108,Aportaciones federales a las entidades federativas y municipios para otras medidas de carácter laboral y económicas,,,
83109,Aportaciones federales a las entidades federativas y municipios para aportaciones al FOVISSSTE,,,
83110,Aportaciones federales a las entidades federativas y municipios por previsiones para aportaciones al ISSSTE,,,
83111,Aportaciones federales a las entidades federativas y municipios por previsiones para aportaciones al FOVISSSTE,,,
83112,Aportaciones federales a las entidades federativas y municipios para aportaciones al sistema de ahorro para el retiro,,,
83113,Aportaciones federales a las entidades federativas y municipios para aportaciones al seguro de cesantía en edad avanzada y vejez,,,
83114,Aportaciones federales a las entidades federativas y municipios para los depósitos al ahorro solidario,,,
83115,Aportaciones federales a las entidades federativas y municipios por previsiones para aportaciones al sistema de ahorro para el retiro,,,
83116,Aportaciones federales a las entidades federativas y municipios por previsiones para aportaciones al seguro de cesantía en edad avanzada y vejez,,,
83117,Aportaciones federales a las entidades federativas y municipios por previsiones para los depósitos al ahorro solidario,,,
83118,Aportaciones de la Federación a los organismos del Sistema Nacional de Coordinación Fiscal,,,
83401,Aportaciones de la federación al sistema de protección social,,,
83501,Asignaciones compensatorias a entidades federativas,,,
85101,Convenios de Reasignación,,,
91101,Amortización de la deuda interna con instituciones de crédito,,,
91102,Amortización de la deuda interna derivada de proyectos de infraestructura productiva de largo plazo,,,
91201,Amortización de la deuda por emisión de valores gubernamentales,,,
91301,Amortización de arrendamientos financieros nacionales,,,
91302,Amortización de arrendamientos financieros especiales,,,
91401,Amortización de la deuda externa con instituciones de crédito,,,
91402,Amortización de la deuda externa derivada de proyectos de infraestructura productiva de largo plazo,,,
91501,Amortización de la deuda con organismos financieros internacionales,,,
91601,Amortización de la deuda bilateral,,,
91701,Amortización de la deuda externa por bonos,,,
91801,Amortización de arrendamientos financieros internacionales,,,
92101,Intereses de la deuda interna con instituciones de crédito,,,
92102,Intereses de la deuda interna derivada de proyectos de infraestructura productiva de largo plazo,,,
92201,Intereses derivados de la colocación de valores gubernamentales,,,
92301,Intereses por arrendamientos financieros nacionales,,,
92302,Intereses por arrendamientos financieros especiales,,,
92401,Intereses de la deuda externa con instituciones de crédito,,,
92402,Intereses de la deuda externa derivada de proyectos de infraestructura productiva de largo plazo,,,
92501,Intereses de la deuda con organismos financieros internacionales,,,
92601,Intereses de la deuda bilateral,,,
92701,Intereses derivados de la colocación externa de bonos,,,
92801,Intereses por arrendamientos financieros internacionales,,,
93101,Comisiones de la deuda interna,,,
93201,Comisiones de la deuda externa,,,
94101,Gastos de la deuda interna,,,
94201,Gastos de la deuda externa,,,
95101,Costo por coberturas,,,
96101,Apoyos a intermediarios financieros,,,
96201,Apoyos a ahorradores y deudores de la banca,,,
99101,Adeudos de ejercicios fiscales anteriores,,,
39903,Asignaciones a los grupos parlamentarios,,,
34901,Diferencias por variaciones en el tipo de cambio,,,
44201,Otras ayudas para programas de capacitación,,,
46301,Aportaciones a fideicomisos públicos del Poder Judicial,,,
25600,"Fibras sintéticas, hules, plásticos y derivados",,,
36400,Servicios de revelado de fotografías,,,
43804,Campeche,,,
43807,Chiapas,,,
43811,Guanajuato,,,
43814,Jalisco,,,
43818,Nayarit,,,
43821,Puebla,,,
43823,Quintana Roo,,,
43806,Colima,,,
43809,Distrito Federal,,,
43802,Baja California,,,
43803,Baja California Sur,,,
43805,Coahuila,,,
43813,Hidalgo,,,
43815,México,,,
43816,Michoacán,,,
43817,Morelos,,,
43820,Oaxaca,,,
43824,San Luis Potosí,,,
43825,Sinaloa,,,
43830,Veracruz,,,
43833,Subsidios a las entidades federativas y municipios,,,
43826,Sonora,,,
43808,Chihuahua,,,
43810,Durango,,,
43812,Guerrero,,,
43819,Nuevo León,,,
43822,Querétaro,,,
43827,Tabasco,,,
43828,Tamaulipas,,,
43829,Tlaxcala,,,
43831,Yucatán,,,
43832,Zacatecas,,,
56903,Refacciones y accesorios,,,
85109,Distrito Federal,,,
85108,Chihuahua,,,
85114,Jalisco,,,
85128,Tamaulipas,,,
85102,Baja California,,,
85104,Campeche,,,
85105,Coahuila,,,
85106,Colima,,,
85107,Chiapas,,,
85111,Guanajuato,,,
85112,Guerrero,,,
85113,Hidalgo,,,
85116,Michoacán,,,
85117,Morelos,,,
85118,Nayarit,,,
85119,Nuevo León,,,
85120,Oaxaca,,,
85122,Querétaro,,,
85124,San Luis Potosí,,,
85125,Sinaloa,,,
85129,Tlaxcala,,,
85130,Veracruz,,,
85133,Gasto federal reasignado a las entidades federativas y municipios,,,
85110,Durango,,,
85115,México,,,
85121,Puebla,,,
85123,Quintana Roo,,,
85126,Sonora,,,
85127,Tabasco,,,
85131,Yucatán,,,
85132,Zacatecas,,,
44107,Apoyo a representantes del Poder Legislativo y partidos políticos ante el Consejo General del IFE,,,
44501,Apoyo financiero al CONASE y las CNV locales y distritales del RFE,,,
44502,Financiamiento público a partidos políticos y agrupaciones políticas con registro autorizado,,,
44108,Dietas a consejeros electorales locales y distritales en el año electoral federal,,,
44110,Apoyo financiero a consejeros electorales locales y distritales en año electoral federal,,,
81102,Baja California,,,
81103,Baja California Sur,,,
81104,Campeche,,,
81105,Coahuila,,,
81106,Colima,,,
81107,Chiapas,,,
81108,Chihuahua,,,
81109,Distrito Federal,,,
81110,Durango,,,
81111,Guanajuato,,,
81112,Guerrero,,,
81113,Hidalgo,,,
81114,Jalisco,,,
81115,México,,,
81116,Michoacán,,,
81117,Morelos,,,
81118,Nayarit,,,
81119,Nuevo León,,,
81120,Oaxaca,,,
81121,Puebla,,,
81122,Querétaro,,,
81123,Quintana Roo,,,
81124,San Luis Potosí,,,
81125,Sinaloa,,,
81126,Sonora,,,
81127,Tabasco,,,
81128,Tamaulipas,,,
81129,Tlaxcala,,,
81130,Veracruz,,,
81131,Yucatán,,,
81132,Zacatecas,,,
81202,Baja California,,,
81203,Baja California Sur,,,
81204,Campeche,,,
81205,Coahuila,,,
81206,Colima,,,
81207,Chiapas,,,
81208,Chihuahua,,,
81209,Distrito Federal,,,
81210,Durango,,,
81211,Guanajuato,,,
81212,Guerrero,,,
81213,Hidalgo,,,
81214,Jalisco,,,
81215,México,,,
81216,Michoacán,,,
81217,Morelos,,,
81218,Nayarit,,,
81219,Nuevo León,,,
81220,Oaxaca,,,
81221,Puebla,,,
81222,Querétaro,,,
81223,Quintana Roo,,,
81224,San Luis Potosí,,,
81225,Sinaloa,,,
81226,Sonora,,,
81227,Tabasco,,,
81228,Tamaulipas,,,
81229,Tlaxcala,,,
81230,Veracruz,,,
81231,Yucatán,,,
81232,Zacatecas,,,
81402,Baja California,,,
81403,Baja California Sur,,,
81404,Campeche,,,
81405,Coahuila,,,
81406,Colima,,,
81407,Chiapas,,,
81408,Chihuahua,,,
81409,Distrito Federal,,,
81410,Durango,,,
81411,Guanajuato,,,
81412,Guerrero,,,
81413,Hidalgo,,,
81414,Jalisco,,,
81415,México,,,
81416,Michoacán,,,
81417,Morelos,,,
81418,Nayarit,,,
81419,Nuevo León,,,
81420,Oaxaca,,,
81421,Puebla,,,
81422,Querétaro,,,
81423,Quintana Roo,,,
81424,San Luis Potosí,,,
81425,Sinaloa,,,
81426,Sonora,,,
81427,Tabasco,,,
81428,Tamaulipas,,,
81429,Tlaxcala,,,
81430,Veracruz,,,
81431,Yucatán,,,
81432,Zacatecas,,,
21199,"Materiales de administracion, emision de documentos y articulos oficiales (Solo Ramo 35)",,,
22199,Alimentos y utensilios (Solo Ramo 35),,,
24199,Materiales y articulos de construccion y de reparacion (Solo Ramo 35),,,
25199,"Productos quimicos, farmaceuticos y de laboratorio (Solo Ramo 35)",,,
27199,"Vestuario, blancos, prendas de proteccion y articulos deportivos (Solo Ramo 35)",,,
29199,"Herramientas, refacciones y accesorios menores (Solo Ramo 35)",,,
34199,"Servicios financieros, bancarios y comerciales (Solo Ramo 35)",,,
37199,Servicios de traslado y viaticos (Solo Ramo 35),,,
38199,Servicios oficiales (Solo Ramo 35),,,
44199,Ayudas sociales (Solo Ramo 35),,,
26199,"Combustibles, lubricantes y aditivos (Solo Ramo 35)",,,
31199,Servicios basicos (Solo Ramo 35),,,
32199,Servicios de arrendamiento (Solo Ramo 35),,,
33199,"Servicios profesionales, cientificos, tecnicos y otros servicios (Solo Ramo 35)",,,
39199,Otros servicios generales (Solo Ramo 35),,,
36199,Servicios de comunicacion social y publicidad (Solo Ramo 35),,,
35199,"Servicios de instalacion, reparacion, mantenimiento y conservacion (Solo Ramo 35)",,,
23199,Materias primas y materiales de produccion y comercializacion (Solo Ramo 35),,,
39911,"Aportaciones a Instituciones, Organismos, Federaciones y Confederaciones Nacionales",,,
49199,Transferencias al exterior (Solo Ramo 35),,,
51199,Mobiliario y equipo de administracion (Solo Ramo 35),,,
53199,Equipo e instrumental medico y de laboratorio (Solo Ramo 35),,,
54199,Vehiculos y equipo de transporte (Solo Ramo 35),,,
56199,"Maquinaria, otros equipos y herramientas (Solo Ramo 35)",,,
59199,Activos intangibles (Solo Ramo 35),,,
62199,Obra publica en bienes propios (Solo Ramo 35),,,
52199,Mobiliario y equipo educacional y recreativo (Solo Ramo 35),,,
13204,Primas de vacaciones y dominical de áreas administrativas,,,
15302,Prestaciones y previsiones de retiro,,,
21801,Materiales para el registro e identificación de bienes y personas,,,
59401,Derechos,,,
59701,Licencias informáticas e intelectuales,,,
36401,Servicios de Revelado de Fotografías,,,
61201,Edificación no habitacional,,,
13203,Gratificación de fin de año de áreas administrativas,,,
15405,Compensación de Apoyo,,,
15903,Impuesto del aguinaldo y prima vacacional de áreas administrativas,,,
44109,Apoyo para alimentos a funcionarios de casilla el día de la jornada electoral federal,,,
58199,Bienes inmuebles (Solo Ramo 35),,,
33106,"Servicios legales, de contabilidad, auditoría y relacionados",,,